Trade Date,Options Class,Underlying,Product Type,Exchange,Volume
2020/01/02,SPY,SPY,S,CBOE,374634
2020/01/03,SPY,SPY,S,CBOE,395687
2020/01/06,SPY,SPY,S,CBOE,267288
2020/01/07,SPY,SPY,S,CBOE,202199
2020/01/08,SPY,SPY,S,CBOE,434686
2020/01/09,SPY,SPY,S,CBOE,360667
2020/01/10,SPY,SPY,S,CBOE,407104
2020/01/13,SPY,SPY,S,CBOE,399520
2020/01/14,SPY,SPY,S,CBOE,328564
2020/01/15,SPY,SPY,S,CBOE,423269
2020/01/16,SPY,SPY,S,CBOE,454607
2020/01/17,SPY,SPY,S,CBOE,528413
2020/01/21,SPY,SPY,S,CBOE,326189
2020/01/22,SPY,SPY,S,CBOE,345540
2020/01/23,SPY,SPY,S,CBOE,342844
2020/01/24,SPY,SPY,S,CBOE,649665
2020/01/27,SPY,SPY,S,CBOE,650799
2020/01/28,SPY,SPY,S,CBOE,348867
2020/01/29,SPY,SPY,S,CBOE,355355
2020/01/30,SPY,SPY,S,CBOE,414952
2020/01/31,SPY,SPY,S,CBOE,746583
2020/02/03,SPY,SPY,S,CBOE,332604
2020/02/04,SPY,SPY,S,CBOE,435650
2020/02/05,SPY,SPY,S,CBOE,500453
2020/02/06,SPY,SPY,S,CBOE,322800
2020/02/07,SPY,SPY,S,CBOE,418838
2020/02/10,SPY,SPY,S,CBOE,378951
2020/02/11,SPY,SPY,S,CBOE,526188
2020/02/12,SPY,SPY,S,CBOE,452999
2020/02/13,SPY,SPY,S,CBOE,358496
2020/02/14,SPY,SPY,S,CBOE,353320
2020/02/18,SPY,SPY,S,CBOE,435363
2020/02/19,SPY,SPY,S,CBOE,290524
2020/02/20,SPY,SPY,S,CBOE,442021
2020/02/21,SPY,SPY,S,CBOE,597045
2020/02/24,SPY,SPY,S,CBOE,992711
2020/02/25,SPY,SPY,S,CBOE,1054827
2020/02/26,SPY,SPY,S,CBOE,730466
2020/02/27,SPY,SPY,S,CBOE,874548
2020/02/28,SPY,SPY,S,CBOE,855537
2020/03/02,SPY,SPY,S,CBOE,690207
2020/03/03,SPY,SPY,S,CBOE,586134
2020/03/04,SPY,SPY,S,CBOE,689099
2020/03/05,SPY,SPY,S,CBOE,620271
2020/03/06,SPY,SPY,S,CBOE,820236
2020/03/09,SPY,SPY,S,CBOE,850631
2020/03/10,SPY,SPY,S,CBOE,646638
2020/03/11,SPY,SPY,S,CBOE,722741
2020/03/12,SPY,SPY,S,CBOE,914375
2020/03/13,SPY,SPY,S,CBOE,903945
2020/03/16,SPY,SPY,S,CBOE,885437
2020/03/17,SPY,SPY,S,CBOE,585458
2020/03/18,SPY,SPY,S,CBOE,804450
2020/03/19,SPY,SPY,S,CBOE,630762
2020/03/20,SPY,SPY,S,CBOE,908028
2020/03/23,SPY,SPY,S,CBOE,832292
2020/03/24,SPY,SPY,S,CBOE,712840
2020/03/25,SPY,SPY,S,CBOE,967537
2020/03/26,SPY,SPY,S,CBOE,752729
2020/03/27,SPY,SPY,S,CBOE,740438
2020/03/30,SPY,SPY,S,CBOE,887268
2020/03/31,SPY,SPY,S,CBOE,1003735
2020/04/01,SPY,SPY,S,CBOE,774835
2020/04/02,SPY,SPY,S,CBOE,582256
2020/04/03,SPY,SPY,S,CBOE,746925
2020/04/06,SPY,SPY,S,CBOE,908582
2020/04/07,SPY,SPY,S,CBOE,946048
2020/04/08,SPY,SPY,S,CBOE,868206
2020/04/09,SPY,SPY,S,CBOE,1152938
2020/04/13,SPY,SPY,S,CBOE,638195
2020/04/14,SPY,SPY,S,CBOE,627362
2020/04/15,SPY,SPY,S,CBOE,605231
2020/04/16,SPY,SPY,S,CBOE,498858
2020/04/17,SPY,SPY,S,CBOE,770088
2020/04/20,SPY,SPY,S,CBOE,603734
2020/04/21,SPY,SPY,S,CBOE,596137
2020/04/22,SPY,SPY,S,CBOE,493492
2020/04/23,SPY,SPY,S,CBOE,521300
2020/04/24,SPY,SPY,S,CBOE,676453
2020/04/27,SPY,SPY,S,CBOE,534195
2020/04/28,SPY,SPY,S,CBOE,477306
2020/04/29,SPY,SPY,S,CBOE,778308
2020/04/30,SPY,SPY,S,CBOE,545171
2020/05/01,SPY,SPY,S,CBOE,791291
2020/05/04,SPY,SPY,S,CBOE,527958
2020/05/05,SPY,SPY,S,CBOE,422193
2020/05/06,SPY,SPY,S,CBOE,469690
2020/05/07,SPY,SPY,S,CBOE,367443
2020/05/08,SPY,SPY,S,CBOE,587290
2020/05/11,SPY,SPY,S,CBOE,443665
2020/05/12,SPY,SPY,S,CBOE,492124
2020/05/13,SPY,SPY,S,CBOE,949475
2020/05/14,SPY,SPY,S,CBOE,672897
2020/05/15,SPY,SPY,S,CBOE,1012576
2020/05/18,SPY,SPY,S,CBOE,689268
2020/05/19,SPY,SPY,S,CBOE,443013
2020/05/20,SPY,SPY,S,CBOE,555453
2020/05/21,SPY,SPY,S,CBOE,415770
2020/05/22,SPY,SPY,S,CBOE,479795
2020/05/26,SPY,SPY,S,CBOE,642898
2020/05/27,SPY,SPY,S,CBOE,677107
2020/05/28,SPY,SPY,S,CBOE,698203
2020/05/29,SPY,SPY,S,CBOE,679430
2020/06/01,SPY,SPY,S,CBOE,440934
2020/06/02,SPY,SPY,S,CBOE,464882
2020/06/03,SPY,SPY,S,CBOE,738158
2020/06/04,SPY,SPY,S,CBOE,449702
2020/06/05,SPY,SPY,S,CBOE,951383
2020/06/08,SPY,SPY,S,CBOE,507819
2020/06/09,SPY,SPY,S,CBOE,399576
2020/06/10,SPY,SPY,S,CBOE,544389
2020/06/11,SPY,SPY,S,CBOE,1173642
2020/06/12,SPY,SPY,S,CBOE,1130489
2020/06/15,SPY,SPY,S,CBOE,738133
2020/06/16,SPY,SPY,S,CBOE,625852
2020/06/17,SPY,SPY,S,CBOE,492967
2020/06/18,SPY,SPY,S,CBOE,404528
2020/06/19,SPY,SPY,S,CBOE,771465
2020/06/22,SPY,SPY,S,CBOE,483102
2020/06/23,SPY,SPY,S,CBOE,332630
2020/06/24,SPY,SPY,S,CBOE,697855
2020/06/25,SPY,SPY,S,CBOE,441943
2020/06/26,SPY,SPY,S,CBOE,666657
2020/06/29,SPY,SPY,S,CBOE,440291
2020/06/30,SPY,SPY,S,CBOE,530629
2020/07/01,SPY,SPY,S,CBOE,403173
2020/07/02,SPY,SPY,S,CBOE,501950
2020/07/06,SPY,SPY,S,CBOE,364298
2020/07/07,SPY,SPY,S,CBOE,307893
2020/07/08,SPY,SPY,S,CBOE,383820
2020/07/09,SPY,SPY,S,CBOE,433081
2020/07/10,SPY,SPY,S,CBOE,492010
2020/07/13,SPY,SPY,S,CBOE,668007
2020/07/14,SPY,SPY,S,CBOE,519708
2020/07/15,SPY,SPY,S,CBOE,472680
2020/07/16,SPY,SPY,S,CBOE,281504
2020/07/17,SPY,SPY,S,CBOE,389042
2020/07/20,SPY,SPY,S,CBOE,290982
2020/07/21,SPY,SPY,S,CBOE,311428
2020/07/22,SPY,SPY,S,CBOE,321487
2020/07/23,SPY,SPY,S,CBOE,330108
2020/07/24,SPY,SPY,S,CBOE,369684
2020/07/27,SPY,SPY,S,CBOE,232828
2020/07/28,SPY,SPY,S,CBOE,187374
2020/07/29,SPY,SPY,S,CBOE,261238
2020/07/30,SPY,SPY,S,CBOE,277755
2020/07/31,SPY,SPY,S,CBOE,496692
2020/08/03,SPY,SPY,S,CBOE,322722
2020/08/04,SPY,SPY,S,CBOE,286519
2020/08/05,SPY,SPY,S,CBOE,307167
2020/08/06,SPY,SPY,S,CBOE,259765
2020/08/07,SPY,SPY,S,CBOE,315375
2020/08/10,SPY,SPY,S,CBOE,272557
2020/08/11,SPY,SPY,S,CBOE,391291
2020/08/12,SPY,SPY,S,CBOE,320481
2020/08/13,SPY,SPY,S,CBOE,357088
2020/08/14,SPY,SPY,S,CBOE,302998
2020/08/17,SPY,SPY,S,CBOE,216308
2020/08/18,SPY,SPY,S,CBOE,208489
2020/08/19,SPY,SPY,S,CBOE,334772
2020/08/20,SPY,SPY,S,CBOE,328258
2020/08/21,SPY,SPY,S,CBOE,320233
2020/08/24,SPY,SPY,S,CBOE,279313
2020/08/25,SPY,SPY,S,CBOE,201906
2020/08/26,SPY,SPY,S,CBOE,348244
2020/08/27,SPY,SPY,S,CBOE,363017
2020/08/28,SPY,SPY,S,CBOE,324628
2020/08/31,SPY,SPY,S,CBOE,296624
2020/09/01,SPY,SPY,S,CBOE,306827
2020/09/02,SPY,SPY,S,CBOE,516334
2020/09/03,SPY,SPY,S,CBOE,665273
2020/09/04,SPY,SPY,S,CBOE,760640
2020/09/08,SPY,SPY,S,CBOE,615007
2020/09/09,SPY,SPY,S,CBOE,429240
2020/09/10,SPY,SPY,S,CBOE,510755
2020/09/11,SPY,SPY,S,CBOE,437502
2020/09/14,SPY,SPY,S,CBOE,325196
2020/09/15,SPY,SPY,S,CBOE,257713
2020/09/16,SPY,SPY,S,CBOE,460696
2020/09/17,SPY,SPY,S,CBOE,506156
2020/09/18,SPY,SPY,S,CBOE,617266
2020/09/21,SPY,SPY,S,CBOE,773131
2020/09/22,SPY,SPY,S,CBOE,279862
2020/09/23,SPY,SPY,S,CBOE,579482
2020/09/24,SPY,SPY,S,CBOE,489428
2020/09/25,SPY,SPY,S,CBOE,520554
2020/09/28,SPY,SPY,S,CBOE,299231
2020/09/29,SPY,SPY,S,CBOE,216618
2020/09/30,SPY,SPY,S,CBOE,475614
2020/10/01,SPY,SPY,S,CBOE,354818
2020/10/02,SPY,SPY,S,CBOE,471583
2020/10/05,SPY,SPY,S,CBOE,334915
2020/10/06,SPY,SPY,S,CBOE,423982
2020/10/07,SPY,SPY,S,CBOE,388973
2020/10/08,SPY,SPY,S,CBOE,382413
2020/10/09,SPY,SPY,S,CBOE,532061
2020/10/12,SPY,SPY,S,CBOE,544560
2020/10/13,SPY,SPY,S,CBOE,267385
2020/10/14,SPY,SPY,S,CBOE,407411
2020/10/15,SPY,SPY,S,CBOE,319859
2020/10/16,SPY,SPY,S,CBOE,397211
2020/10/19,SPY,SPY,S,CBOE,434739
2020/10/20,SPY,SPY,S,CBOE,307183
2020/10/21,SPY,SPY,S,CBOE,339409
2020/10/22,SPY,SPY,S,CBOE,320373
2020/10/23,SPY,SPY,S,CBOE,314676
2020/10/26,SPY,SPY,S,CBOE,593906
2020/10/27,SPY,SPY,S,CBOE,242155
2020/10/28,SPY,SPY,S,CBOE,752223
2020/10/29,SPY,SPY,S,CBOE,468876
2020/10/30,SPY,SPY,S,CBOE,847920
2020/11/02,SPY,SPY,S,CBOE,606505
2020/11/03,SPY,SPY,S,CBOE,558485
2020/11/04,SPY,SPY,S,CBOE,788367
2020/11/05,SPY,SPY,S,CBOE,602354
2020/11/06,SPY,SPY,S,CBOE,537366
2020/11/09,SPY,SPY,S,CBOE,823899
2020/11/10,SPY,SPY,S,CBOE,549321
2020/11/11,SPY,SPY,S,CBOE,927090
2020/11/12,SPY,SPY,S,CBOE,582663
2020/11/13,SPY,SPY,S,CBOE,668804
2020/11/16,SPY,SPY,S,CBOE,578731
2020/11/17,SPY,SPY,S,CBOE,511842
2020/11/18,SPY,SPY,S,CBOE,616785
2020/11/19,SPY,SPY,S,CBOE,621398
2020/11/20,SPY,SPY,S,CBOE,595375
2020/11/23,SPY,SPY,S,CBOE,527669
2020/11/24,SPY,SPY,S,CBOE,581973
2020/11/25,SPY,SPY,S,CBOE,432672
2020/11/27,SPY,SPY,S,CBOE,330242
2020/11/30,SPY,SPY,S,CBOE,409128
2020/12/01,SPY,SPY,S,CBOE,541027
2020/12/02,SPY,SPY,S,CBOE,493723
2020/12/03,SPY,SPY,S,CBOE,466352
2020/12/04,SPY,SPY,S,CBOE,490310
2020/12/07,SPY,SPY,S,CBOE,410913
2020/12/08,SPY,SPY,S,CBOE,423507
2020/12/09,SPY,SPY,S,CBOE,733563
2020/12/10,SPY,SPY,S,CBOE,443256
2020/12/11,SPY,SPY,S,CBOE,736675
2020/12/14,SPY,SPY,S,CBOE,641815
2020/12/15,SPY,SPY,S,CBOE,536300
2020/12/16,SPY,SPY,S,CBOE,549869
2020/12/17,SPY,SPY,S,CBOE,436262
2020/12/18,SPY,SPY,S,CBOE,635455
2020/12/21,SPY,SPY,S,CBOE,603353
2020/12/22,SPY,SPY,S,CBOE,315818
2020/12/23,SPY,SPY,S,CBOE,386748
2020/12/24,SPY,SPY,S,CBOE,258204
2020/12/28,SPY,SPY,S,CBOE,475535
2020/12/29,SPY,SPY,S,CBOE,555831
2020/12/30,SPY,SPY,S,CBOE,440625
2020/12/31,SPY,SPY,S,CBOE,508550
2021/01/04,SPY,SPY,S,CBOE,856000
2021/01/05,SPY,SPY,S,CBOE,498428
2021/01/06,SPY,SPY,S,CBOE,811907
2021/01/07,SPY,SPY,S,CBOE,552883
2021/01/08,SPY,SPY,S,CBOE,861299
2021/01/11,SPY,SPY,S,CBOE,603107
2021/01/12,SPY,SPY,S,CBOE,560873
2021/01/13,SPY,SPY,S,CBOE,581976
2021/01/14,SPY,SPY,S,CBOE,475297
2021/01/15,SPY,SPY,S,CBOE,954788
2021/01/19,SPY,SPY,S,CBOE,614240
2021/01/20,SPY,SPY,S,CBOE,845178
2021/01/21,SPY,SPY,S,CBOE,539167
2021/01/22,SPY,SPY,S,CBOE,516551
2021/01/25,SPY,SPY,S,CBOE,604842
2021/01/26,SPY,SPY,S,CBOE,371142
2021/01/27,SPY,SPY,S,CBOE,903827
2021/01/28,SPY,SPY,S,CBOE,645918
2021/01/29,SPY,SPY,S,CBOE,1153023
2021/02/01,SPY,SPY,S,CBOE,619986
2021/02/02,SPY,SPY,S,CBOE,621500
2021/02/03,SPY,SPY,S,CBOE,540955
2021/02/04,SPY,SPY,S,CBOE,509910
2021/02/05,SPY,SPY,S,CBOE,764608
2021/02/08,SPY,SPY,S,CBOE,710303
2021/02/09,SPY,SPY,S,CBOE,445707
2021/02/10,SPY,SPY,S,CBOE,745018
2021/02/11,SPY,SPY,S,CBOE,528021
2021/02/12,SPY,SPY,S,CBOE,560798
2021/02/16,SPY,SPY,S,CBOE,579465
2021/02/17,SPY,SPY,S,CBOE,575227
2021/02/18,SPY,SPY,S,CBOE,615929
2021/02/19,SPY,SPY,S,CBOE,647874
2021/02/22,SPY,SPY,S,CBOE,507850
2021/02/23,SPY,SPY,S,CBOE,707406
2021/02/24,SPY,SPY,S,CBOE,631469
2021/02/25,SPY,SPY,S,CBOE,740842
2021/02/26,SPY,SPY,S,CBOE,828769
2021/03/01,SPY,SPY,S,CBOE,660122
2021/03/02,SPY,SPY,S,CBOE,493156
2021/03/03,SPY,SPY,S,CBOE,663756
2021/03/04,SPY,SPY,S,CBOE,823880
2021/03/05,SPY,SPY,S,CBOE,910984
2021/03/08,SPY,SPY,S,CBOE,606167
2021/03/09,SPY,SPY,S,CBOE,513977
2021/03/10,SPY,SPY,S,CBOE,580285
2021/03/11,SPY,SPY,S,CBOE,523055
2021/03/12,SPY,SPY,S,CBOE,538361
2021/03/15,SPY,SPY,S,CBOE,492261
2021/03/16,SPY,SPY,S,CBOE,511491
2021/03/17,SPY,SPY,S,CBOE,610854
2021/03/18,SPY,SPY,S,CBOE,398613
2021/03/19,SPY,SPY,S,CBOE,630511
2021/03/22,SPY,SPY,S,CBOE,403037
2021/03/23,SPY,SPY,S,CBOE,540379
2021/03/24,SPY,SPY,S,CBOE,698963
2021/03/25,SPY,SPY,S,CBOE,692571
2021/03/26,SPY,SPY,S,CBOE,764414
2021/03/29,SPY,SPY,S,CBOE,795504
2021/03/30,SPY,SPY,S,CBOE,441395
2021/03/31,SPY,SPY,S,CBOE,623070
2021/04/01,SPY,SPY,S,CBOE,535156
2021/04/05,SPY,SPY,S,CBOE,690643
2021/04/06,SPY,SPY,S,CBOE,439529
2021/04/07,SPY,SPY,S,CBOE,488121
2021/04/08,SPY,SPY,S,CBOE,411406
2021/04/09,SPY,SPY,S,CBOE,542985
2021/04/12,SPY,SPY,S,CBOE,556611
2021/04/13,SPY,SPY,S,CBOE,431813
2021/04/14,SPY,SPY,S,CBOE,573940
2021/04/15,SPY,SPY,S,CBOE,513608
2021/04/16,SPY,SPY,S,CBOE,603783
2021/04/19,SPY,SPY,S,CBOE,639360
2021/04/20,SPY,SPY,S,CBOE,601488
2021/04/21,SPY,SPY,S,CBOE,460047
2021/04/22,SPY,SPY,S,CBOE,656293
2021/04/23,SPY,SPY,S,CBOE,683198
2021/04/26,SPY,SPY,S,CBOE,448336
2021/04/27,SPY,SPY,S,CBOE,310460
2021/04/28,SPY,SPY,S,CBOE,430598
2021/04/29,SPY,SPY,S,CBOE,450328
2021/04/30,SPY,SPY,S,CBOE,337945
2021/05/03,SPY,SPY,S,CBOE,442255
2021/05/04,SPY,SPY,S,CBOE,546780
2021/05/05,SPY,SPY,S,CBOE,458963
2021/05/06,SPY,SPY,S,CBOE,487870
2021/05/07,SPY,SPY,S,CBOE,618374
2021/05/10,SPY,SPY,S,CBOE,595297
2021/05/11,SPY,SPY,S,CBOE,635052
2021/05/12,SPY,SPY,S,CBOE,814838
2021/05/13,SPY,SPY,S,CBOE,583439
2021/05/14,SPY,SPY,S,CBOE,603507
2021/05/17,SPY,SPY,S,CBOE,489362
2021/05/18,SPY,SPY,S,CBOE,379158
2021/05/19,SPY,SPY,S,CBOE,833545
2021/05/20,SPY,SPY,S,CBOE,547491
2021/05/21,SPY,SPY,S,CBOE,664408
2021/05/24,SPY,SPY,S,CBOE,502341
2021/05/25,SPY,SPY,S,CBOE,453144
2021/05/26,SPY,SPY,S,CBOE,438913
2021/05/27,SPY,SPY,S,CBOE,335395
2021/05/28,SPY,SPY,S,CBOE,443472
2021/06/01,SPY,SPY,S,CBOE,436942
2021/06/02,SPY,SPY,S,CBOE,487641
2021/06/03,SPY,SPY,S,CBOE,366243
2021/06/04,SPY,SPY,S,CBOE,525391
2021/06/07,SPY,SPY,S,CBOE,321587
2021/06/08,SPY,SPY,S,CBOE,400826
2021/06/09,SPY,SPY,S,CBOE,365429
2021/06/10,SPY,SPY,S,CBOE,480652
2021/06/11,SPY,SPY,S,CBOE,404061
2021/06/14,SPY,SPY,S,CBOE,331791
2021/06/15,SPY,SPY,S,CBOE,306749
2021/06/16,SPY,SPY,S,CBOE,532086
2021/06/17,SPY,SPY,S,CBOE,442888
2021/06/18,SPY,SPY,S,CBOE,767181
2021/06/21,SPY,SPY,S,CBOE,552800
2021/06/22,SPY,SPY,S,CBOE,407619
2021/06/23,SPY,SPY,S,CBOE,368379
2021/06/24,SPY,SPY,S,CBOE,366817
2021/06/25,SPY,SPY,S,CBOE,451728
2021/06/28,SPY,SPY,S,CBOE,510378
2021/06/29,SPY,SPY,S,CBOE,299452
2021/06/30,SPY,SPY,S,CBOE,376777
2021/07/01,SPY,SPY,S,CBOE,367232
2021/07/02,SPY,SPY,S,CBOE,556867
2021/07/06,SPY,SPY,S,CBOE,655624
2021/07/07,SPY,SPY,S,CBOE,581885
2021/07/08,SPY,SPY,S,CBOE,674629
2021/07/09,SPY,SPY,S,CBOE,711591
2021/07/12,SPY,SPY,S,CBOE,606476
2021/07/13,SPY,SPY,S,CBOE,666021
2021/07/14,SPY,SPY,S,CBOE,684419
2021/07/15,SPY,SPY,S,CBOE,592413
2021/07/16,SPY,SPY,S,CBOE,794928
2021/07/19,SPY,SPY,S,CBOE,1058524
2021/07/20,SPY,SPY,S,CBOE,595247
2021/07/21,SPY,SPY,S,CBOE,421714
2021/07/22,SPY,SPY,S,CBOE,351846
2021/07/23,SPY,SPY,S,CBOE,651102
2021/07/26,SPY,SPY,S,CBOE,415950
2021/07/27,SPY,SPY,S,CBOE,392181
2021/07/28,SPY,SPY,S,CBOE,339109
2021/07/29,SPY,SPY,S,CBOE,493382
2021/07/30,SPY,SPY,S,CBOE,630840
2021/08/02,SPY,SPY,S,CBOE,519605
2021/08/03,SPY,SPY,S,CBOE,493851
2021/08/04,SPY,SPY,S,CBOE,429578
2021/08/05,SPY,SPY,S,CBOE,307898
2021/08/06,SPY,SPY,S,CBOE,462428
2021/08/09,SPY,SPY,S,CBOE,405529
2021/08/10,SPY,SPY,S,CBOE,325117
2021/08/11,SPY,SPY,S,CBOE,477955
2021/08/12,SPY,SPY,S,CBOE,369494
2021/08/13,SPY,SPY,S,CBOE,393595
2021/08/16,SPY,SPY,S,CBOE,567512
2021/08/17,SPY,SPY,S,CBOE,772064
2021/08/18,SPY,SPY,S,CBOE,716213
2021/08/19,SPY,SPY,S,CBOE,824335
2021/08/20,SPY,SPY,S,CBOE,599139
2021/08/23,SPY,SPY,S,CBOE,599746
2021/08/24,SPY,SPY,S,CBOE,390314
2021/08/25,SPY,SPY,S,CBOE,471765
2021/08/26,SPY,SPY,S,CBOE,688430
2021/08/27,SPY,SPY,S,CBOE,660345
2021/08/30,SPY,SPY,S,CBOE,585370
2021/08/31,SPY,SPY,S,CBOE,426192
2021/09/01,SPY,SPY,S,CBOE,466189
2021/09/02,SPY,SPY,S,CBOE,439101
2021/09/03,SPY,SPY,S,CBOE,540903
2021/09/07,SPY,SPY,S,CBOE,554742
2021/09/08,SPY,SPY,S,CBOE,686191
2021/09/09,SPY,SPY,S,CBOE,534551
2021/09/10,SPY,SPY,S,CBOE,866031
2021/09/13,SPY,SPY,S,CBOE,798375
2021/09/14,SPY,SPY,S,CBOE,661530
2021/09/15,SPY,SPY,S,CBOE,774774
2021/09/16,SPY,SPY,S,CBOE,544139
2021/09/17,SPY,SPY,S,CBOE,1009569
2021/09/20,SPY,SPY,S,CBOE,1256344
2021/09/21,SPY,SPY,S,CBOE,627824
2021/09/22,SPY,SPY,S,CBOE,773577
2021/09/23,SPY,SPY,S,CBOE,665527
2021/09/24,SPY,SPY,S,CBOE,622542
2021/09/27,SPY,SPY,S,CBOE,574727
2021/09/28,SPY,SPY,S,CBOE,900774
2021/09/29,SPY,SPY,S,CBOE,680631
2021/09/30,SPY,SPY,S,CBOE,909635
2021/10/01,SPY,SPY,S,CBOE,947078
2021/10/04,SPY,SPY,S,CBOE,871966
2021/10/05,SPY,SPY,S,CBOE,587130
2021/10/06,SPY,SPY,S,CBOE,942765
2021/10/07,SPY,SPY,S,CBOE,759648
2021/10/08,SPY,SPY,S,CBOE,767128
2021/10/11,SPY,SPY,S,CBOE,773377
2021/10/12,SPY,SPY,S,CBOE,581089
2021/10/13,SPY,SPY,S,CBOE,698254
2021/10/14,SPY,SPY,S,CBOE,704256
2021/10/15,SPY,SPY,S,CBOE,859189
2021/10/18,SPY,SPY,S,CBOE,625284
2021/10/19,SPY,SPY,S,CBOE,613249
2021/10/20,SPY,SPY,S,CBOE,698381
2021/10/21,SPY,SPY,S,CBOE,483320
2021/10/22,SPY,SPY,S,CBOE,948244
2021/10/25,SPY,SPY,S,CBOE,633300
2021/10/26,SPY,SPY,S,CBOE,669063
2021/10/27,SPY,SPY,S,CBOE,664393
2021/10/28,SPY,SPY,S,CBOE,522029
2021/10/29,SPY,SPY,S,CBOE,758397
2021/11/01,SPY,SPY,S,CBOE,627594
2021/11/02,SPY,SPY,S,CBOE,429948
2021/11/03,SPY,SPY,S,CBOE,602118
2021/11/04,SPY,SPY,S,CBOE,568665
2021/11/05,SPY,SPY,S,CBOE,962420
2021/11/08,SPY,SPY,S,CBOE,627057
2021/11/09,SPY,SPY,S,CBOE,490795
2021/11/10,SPY,SPY,S,CBOE,829944
2021/11/11,SPY,SPY,S,CBOE,383345
2021/11/12,SPY,SPY,S,CBOE,659619
2021/11/15,SPY,SPY,S,CBOE,545952
2021/11/16,SPY,SPY,S,CBOE,484293
2021/11/17,SPY,SPY,S,CBOE,624838
2021/11/18,SPY,SPY,S,CBOE,463288
2021/11/19,SPY,SPY,S,CBOE,672461
2021/11/22,SPY,SPY,S,CBOE,872881
2021/11/23,SPY,SPY,S,CBOE,689164
2021/11/24,SPY,SPY,S,CBOE,654329
2021/11/26,SPY,SPY,S,CBOE,818248
2021/11/29,SPY,SPY,S,CBOE,750040
2021/11/30,SPY,SPY,S,CBOE,790373
2021/12/01,SPY,SPY,S,CBOE,1125406
2021/12/02,SPY,SPY,S,CBOE,695641
2021/12/03,SPY,SPY,S,CBOE,1169906
2021/12/06,SPY,SPY,S,CBOE,714863
2021/12/07,SPY,SPY,S,CBOE,774719
2021/12/08,SPY,SPY,S,CBOE,553764
2021/12/09,SPY,SPY,S,CBOE,488322
2021/12/10,SPY,SPY,S,CBOE,676857
2021/12/13,SPY,SPY,S,CBOE,595179
2021/12/14,SPY,SPY,S,CBOE,556986
2021/12/15,SPY,SPY,S,CBOE,926955
2021/12/16,SPY,SPY,S,CBOE,614223
2021/12/17,SPY,SPY,S,CBOE,715651
2021/12/20,SPY,SPY,S,CBOE,812115
2021/12/21,SPY,SPY,S,CBOE,741972
2021/12/22,SPY,SPY,S,CBOE,794712
2021/12/23,SPY,SPY,S,CBOE,751156
2021/12/27,SPY,SPY,S,CBOE,911187
2021/12/28,SPY,SPY,S,CBOE,716750
2021/12/29,SPY,SPY,S,CBOE,575722
2021/12/30,SPY,SPY,S,CBOE,608979
2021/12/31,SPY,SPY,S,CBOE,651865
2022/01/03,SPY,SPY,S,CBOE,524244
2022/01/04,SPY,SPY,S,CBOE,508903
2022/01/05,SPY,SPY,S,CBOE,711584
2022/01/06,SPY,SPY,S,CBOE,625544
2022/01/07,SPY,SPY,S,CBOE,641829
2022/01/10,SPY,SPY,S,CBOE,955651
2022/01/11,SPY,SPY,S,CBOE,660474
2022/01/12,SPY,SPY,S,CBOE,767396
2022/01/13,SPY,SPY,S,CBOE,691914
2022/01/14,SPY,SPY,S,CBOE,809514
2022/01/18,SPY,SPY,S,CBOE,853706
2022/01/19,SPY,SPY,S,CBOE,784301
2022/01/20,SPY,SPY,S,CBOE,803060
2022/01/21,SPY,SPY,S,CBOE,1369414
2022/01/24,SPY,SPY,S,CBOE,1383500
2022/01/25,SPY,SPY,S,CBOE,883761
2022/01/26,SPY,SPY,S,CBOE,994782
2022/01/27,SPY,SPY,S,CBOE,845362
2022/01/28,SPY,SPY,S,CBOE,1110772
2022/01/31,SPY,SPY,S,CBOE,945504
2022/02/01,SPY,SPY,S,CBOE,717299
2022/02/02,SPY,SPY,S,CBOE,887975
2022/02/03,SPY,SPY,S,CBOE,706701
2022/02/04,SPY,SPY,S,CBOE,891383
2022/02/07,SPY,SPY,S,CBOE,738652
2022/02/08,SPY,SPY,S,CBOE,700650
2022/02/09,SPY,SPY,S,CBOE,818541
2022/02/10,SPY,SPY,S,CBOE,797051
2022/02/11,SPY,SPY,S,CBOE,1132970
2022/02/14,SPY,SPY,S,CBOE,898977
2022/02/15,SPY,SPY,S,CBOE,567818
2022/02/16,SPY,SPY,S,CBOE,713691
2022/02/17,SPY,SPY,S,CBOE,637377
2022/02/18,SPY,SPY,S,CBOE,973035
2022/02/22,SPY,SPY,S,CBOE,989763
2022/02/23,SPY,SPY,S,CBOE,1064077
2022/02/24,SPY,SPY,S,CBOE,1045299
2022/02/25,SPY,SPY,S,CBOE,1232247
2022/02/28,SPY,SPY,S,CBOE,901580
2022/03/01,SPY,SPY,S,CBOE,686617
2022/03/02,SPY,SPY,S,CBOE,780078
2022/03/03,SPY,SPY,S,CBOE,721781
2022/03/04,SPY,SPY,S,CBOE,780669
2022/03/07,SPY,SPY,S,CBOE,865086
2022/03/08,SPY,SPY,S,CBOE,860095
2022/03/09,SPY,SPY,S,CBOE,791668
2022/03/10,SPY,SPY,S,CBOE,653346
2022/03/11,SPY,SPY,S,CBOE,713275
2022/03/14,SPY,SPY,S,CBOE,779791
2022/03/15,SPY,SPY,S,CBOE,552494
2022/03/16,SPY,SPY,S,CBOE,817854
2022/03/17,SPY,SPY,S,CBOE,601761
2022/03/18,SPY,SPY,S,CBOE,785388
2022/03/21,SPY,SPY,S,CBOE,764461
2022/03/22,SPY,SPY,S,CBOE,639081
2022/03/23,SPY,SPY,S,CBOE,734333
2022/03/24,SPY,SPY,S,CBOE,522234
2022/03/25,SPY,SPY,S,CBOE,847447
2022/03/28,SPY,SPY,S,CBOE,649689
2022/03/29,SPY,SPY,S,CBOE,718789
2022/03/30,SPY,SPY,S,CBOE,784584
2022/03/31,SPY,SPY,S,CBOE,655044
2022/04/01,SPY,SPY,S,CBOE,807556
2022/04/04,SPY,SPY,S,CBOE,525425
2022/04/05,SPY,SPY,S,CBOE,599359
2022/04/06,SPY,SPY,S,CBOE,953513
2022/04/07,SPY,SPY,S,CBOE,595848
2022/04/08,SPY,SPY,S,CBOE,672818
2022/04/11,SPY,SPY,S,CBOE,686543
2022/04/12,SPY,SPY,S,CBOE,637128
2022/04/13,SPY,SPY,S,CBOE,602157
2022/04/14,SPY,SPY,S,CBOE,714130
2022/04/18,SPY,SPY,S,CBOE,653634
2022/04/19,SPY,SPY,S,CBOE,654413
2022/04/20,SPY,SPY,S,CBOE,720469
2022/04/21,SPY,SPY,S,CBOE,848079
2022/04/22,SPY,SPY,S,CBOE,1062772
2022/04/25,SPY,SPY,S,CBOE,1082280
2022/04/26,SPY,SPY,S,CBOE,785941
2022/04/27,SPY,SPY,S,CBOE,978952
2022/04/28,SPY,SPY,S,CBOE,674918
2022/04/29,SPY,SPY,S,CBOE,1037108
2022/05/02,SPY,SPY,S,CBOE,1175344
2022/05/03,SPY,SPY,S,CBOE,587861
2022/05/04,SPY,SPY,S,CBOE,846684
2022/05/05,SPY,SPY,S,CBOE,944182
2022/05/06,SPY,SPY,S,CBOE,979529
2022/05/09,SPY,SPY,S,CBOE,1035901
2022/05/10,SPY,SPY,S,CBOE,710780
2022/05/11,SPY,SPY,S,CBOE,876641
2022/05/12,SPY,SPY,S,CBOE,772576
2022/05/13,SPY,SPY,S,CBOE,923046
2022/05/16,SPY,SPY,S,CBOE,677459
2022/05/17,SPY,SPY,S,CBOE,672824
2022/05/18,SPY,SPY,S,CBOE,991006
2022/05/19,SPY,SPY,S,CBOE,829637
2022/05/20,SPY,SPY,S,CBOE,1159552
2022/05/23,SPY,SPY,S,CBOE,830375
2022/05/24,SPY,SPY,S,CBOE,669857
2022/05/25,SPY,SPY,S,CBOE,716902
2022/05/26,SPY,SPY,S,CBOE,665000
2022/05/27,SPY,SPY,S,CBOE,764906
2022/05/31,SPY,SPY,S,CBOE,775136
2022/06/01,SPY,SPY,S,CBOE,814696
2022/06/02,SPY,SPY,S,CBOE,615362
2022/06/03,SPY,SPY,S,CBOE,760491
2022/06/06,SPY,SPY,S,CBOE,675355
2022/06/07,SPY,SPY,S,CBOE,579444
2022/06/08,SPY,SPY,S,CBOE,693438
2022/06/09,SPY,SPY,S,CBOE,670224
2022/06/10,SPY,SPY,S,CBOE,1137870
2022/06/13,SPY,SPY,S,CBOE,1220437
2022/06/14,SPY,SPY,S,CBOE,809142
2022/06/15,SPY,SPY,S,CBOE,883019
2022/06/16,SPY,SPY,S,CBOE,837493
2022/06/17,SPY,SPY,S,CBOE,854399
2022/06/21,SPY,SPY,S,CBOE,658842
2022/06/22,SPY,SPY,S,CBOE,822835
2022/06/23,SPY,SPY,S,CBOE,594941
2022/06/24,SPY,SPY,S,CBOE,908764
2022/06/27,SPY,SPY,S,CBOE,643674
2022/06/28,SPY,SPY,S,CBOE,768476
2022/06/29,SPY,SPY,S,CBOE,697821
2022/06/30,SPY,SPY,S,CBOE,793188
2022/07/01,SPY,SPY,S,CBOE,896991
2022/07/05,SPY,SPY,S,CBOE,746512
2022/07/06,SPY,SPY,S,CBOE,714787
2022/07/07,SPY,SPY,S,CBOE,607276
2022/07/08,SPY,SPY,S,CBOE,807744
2022/07/11,SPY,SPY,S,CBOE,715915
2022/07/12,SPY,SPY,S,CBOE,569733
2022/07/13,SPY,SPY,S,CBOE,861905
2022/07/14,SPY,SPY,S,CBOE,742622
2022/07/15,SPY,SPY,S,CBOE,824497
2022/07/18,SPY,SPY,S,CBOE,878954
2022/07/19,SPY,SPY,S,CBOE,804567
2022/07/20,SPY,SPY,S,CBOE,852458
2022/07/21,SPY,SPY,S,CBOE,613930
2022/07/22,SPY,SPY,S,CBOE,908179
2022/07/25,SPY,SPY,S,CBOE,608131
2022/07/26,SPY,SPY,S,CBOE,450847
2022/07/27,SPY,SPY,S,CBOE,1070717
2022/07/28,SPY,SPY,S,CBOE,732972
2022/07/29,SPY,SPY,S,CBOE,891222
2022/08/01,SPY,SPY,S,CBOE,785386
2022/08/02,SPY,SPY,S,CBOE,726636
2022/08/03,SPY,SPY,S,CBOE,786804
2022/08/04,SPY,SPY,S,CBOE,557054
2022/08/05,SPY,SPY,S,CBOE,815201
2022/08/08,SPY,SPY,S,CBOE,741761
2022/08/09,SPY,SPY,S,CBOE,458392
2022/08/10,SPY,SPY,S,CBOE,883685
2022/08/11,SPY,SPY,S,CBOE,761827
2022/08/12,SPY,SPY,S,CBOE,824729
2022/08/15,SPY,SPY,S,CBOE,791939
2022/08/16,SPY,SPY,S,CBOE,684270
2022/08/17,SPY,SPY,S,CBOE,877018
2022/08/18,SPY,SPY,S,CBOE,515634
2022/08/19,SPY,SPY,S,CBOE,923794
2022/08/22,SPY,SPY,S,CBOE,878583
2022/08/23,SPY,SPY,S,CBOE,544953
2022/08/24,SPY,SPY,S,CBOE,764883
2022/08/25,SPY,SPY,S,CBOE,642442
2022/08/26,SPY,SPY,S,CBOE,1206005
2022/08/29,SPY,SPY,S,CBOE,992495
2022/08/30,SPY,SPY,S,CBOE,821525
2022/08/31,SPY,SPY,S,CBOE,976639
2022/09/01,SPY,SPY,S,CBOE,1018134
2022/09/02,SPY,SPY,S,CBOE,1276363
2022/09/06,SPY,SPY,S,CBOE,945520
2022/09/07,SPY,SPY,S,CBOE,1042251
2022/09/08,SPY,SPY,S,CBOE,986835
2022/09/09,SPY,SPY,S,CBOE,1130704
2022/09/12,SPY,SPY,S,CBOE,940116
2022/09/13,SPY,SPY,S,CBOE,1019132
2022/09/14,SPY,SPY,S,CBOE,995850
2022/09/15,SPY,SPY,S,CBOE,842533
2022/09/16,SPY,SPY,S,CBOE,1211780
2022/09/19,SPY,SPY,S,CBOE,883509
2022/09/20,SPY,SPY,S,CBOE,815430
2022/09/21,SPY,SPY,S,CBOE,1150574
2022/09/22,SPY,SPY,S,CBOE,984273
2022/09/23,SPY,SPY,S,CBOE,1483737
2022/09/26,SPY,SPY,S,CBOE,970584
2022/09/27,SPY,SPY,S,CBOE,1100538
2022/09/28,SPY,SPY,S,CBOE,1066570
2022/09/29,SPY,SPY,S,CBOE,1000610
2022/09/30,SPY,SPY,S,CBOE,1244344
2022/10/03,SPY,SPY,S,CBOE,1043742
2022/10/04,SPY,SPY,S,CBOE,973062
2022/10/05,SPY,SPY,S,CBOE,1044601
2022/10/06,SPY,SPY,S,CBOE,732149
2022/10/07,SPY,SPY,S,CBOE,1187982
2022/10/10,SPY,SPY,S,CBOE,997427
2022/10/11,SPY,SPY,S,CBOE,987985
2022/10/12,SPY,SPY,S,CBOE,849358
2022/10/13,SPY,SPY,S,CBOE,1324876
2022/10/14,SPY,SPY,S,CBOE,1305866
2022/10/17,SPY,SPY,S,CBOE,1009334
2022/10/18,SPY,SPY,S,CBOE,1156501
2022/10/19,SPY,SPY,S,CBOE,1034754
2022/10/20,SPY,SPY,S,CBOE,993745
2022/10/21,SPY,SPY,S,CBOE,1328418
2022/10/24,SPY,SPY,S,CBOE,1103155
2022/10/25,SPY,SPY,S,CBOE,790725
2022/10/26,SPY,SPY,S,CBOE,1095492
2022/10/27,SPY,SPY,S,CBOE,720362
2022/10/28,SPY,SPY,S,CBOE,1066452
2022/10/31,SPY,SPY,S,CBOE,815940
2022/11/01,SPY,SPY,S,CBOE,586112
2022/11/02,SPY,SPY,S,CBOE,986585
2022/11/03,SPY,SPY,S,CBOE,794677
2022/11/04,SPY,SPY,S,CBOE,1217694
2022/11/07,SPY,SPY,S,CBOE,823420
2022/11/08,SPY,SPY,S,CBOE,825205
2022/11/09,SPY,SPY,S,CBOE,949747
2022/11/10,SPY,SPY,S,CBOE,1057828
2022/11/11,SPY,SPY,S,CBOE,1110226
2022/11/14,SPY,SPY,S,CBOE,973259
2022/11/15,SPY,SPY,S,CBOE,1173280
2022/11/16,SPY,SPY,S,CBOE,831255
2022/11/17,SPY,SPY,S,CBOE,949920
2022/11/18,SPY,SPY,S,CBOE,1117923
2022/11/21,SPY,SPY,S,CBOE,773876
2022/11/22,SPY,SPY,S,CBOE,825608
2022/11/23,SPY,SPY,S,CBOE,1324382
2022/11/25,SPY,SPY,S,CBOE,406501
2022/11/28,SPY,SPY,S,CBOE,881365
2022/11/29,SPY,SPY,S,CBOE,909108
2022/11/30,SPY,SPY,S,CBOE,1209659
2022/12/01,SPY,SPY,S,CBOE,1016070
2022/12/02,SPY,SPY,S,CBOE,1068997
2022/12/05,SPY,SPY,S,CBOE,1129771
2022/12/06,SPY,SPY,S,CBOE,1257640
2022/12/07,SPY,SPY,S,CBOE,921508
2022/12/08,SPY,SPY,S,CBOE,844000
2022/12/09,SPY,SPY,S,CBOE,994017
2022/12/12,SPY,SPY,S,CBOE,866645
2022/12/13,SPY,SPY,S,CBOE,1232143
2022/12/14,SPY,SPY,S,CBOE,959867
2022/12/15,SPY,SPY,S,CBOE,1114372
2022/12/16,SPY,SPY,S,CBOE,1096900
2022/12/19,SPY,SPY,S,CBOE,988640
2022/12/20,SPY,SPY,S,CBOE,942055
2022/12/21,SPY,SPY,S,CBOE,1089654
2022/12/22,SPY,SPY,S,CBOE,1301523
2022/12/23,SPY,SPY,S,CBOE,905424
2022/12/27,SPY,SPY,S,CBOE,787071
2022/12/28,SPY,SPY,S,CBOE,1228926
2022/12/29,SPY,SPY,S,CBOE,1104966
2022/12/30,SPY,SPY,S,CBOE,924096
2023/01/03,SPY,SPY,S,CBOE,975989
2023/01/04,SPY,SPY,S,CBOE,1315597
2023/01/05,SPY,SPY,S,CBOE,927841
2023/01/06,SPY,SPY,S,CBOE,1397937
2023/01/09,SPY,SPY,S,CBOE,1204664
2023/01/10,SPY,SPY,S,CBOE,952581
2023/01/11,SPY,SPY,S,CBOE,1082274
2023/01/12,SPY,SPY,S,CBOE,1145634
2023/01/13,SPY,SPY,S,CBOE,939902
2023/01/17,SPY,SPY,S,CBOE,847541
2023/01/18,SPY,SPY,S,CBOE,1299952
2023/01/19,SPY,SPY,S,CBOE,1117124
2023/01/20,SPY,SPY,S,CBOE,1119225
2023/01/23,SPY,SPY,S,CBOE,1372744
2023/01/24,SPY,SPY,S,CBOE,903257
2023/01/25,SPY,SPY,S,CBOE,1182869
2023/01/26,SPY,SPY,S,CBOE,1193334
2023/01/27,SPY,SPY,S,CBOE,1349420
2023/01/30,SPY,SPY,S,CBOE,1101163
2023/01/31,SPY,SPY,S,CBOE,899786
2023/02/01,SPY,SPY,S,CBOE,1208164
2023/02/02,SPY,SPY,S,CBOE,1334026
2023/02/03,SPY,SPY,S,CBOE,1268273
2023/02/06,SPY,SPY,S,CBOE,949963
2023/02/07,SPY,SPY,S,CBOE,1177418
2023/02/08,SPY,SPY,S,CBOE,1067765
2023/02/09,SPY,SPY,S,CBOE,1170437
2023/02/10,SPY,SPY,S,CBOE,993299
2023/02/13,SPY,SPY,S,CBOE,935955
2023/02/14,SPY,SPY,S,CBOE,1084511
2023/02/15,SPY,SPY,S,CBOE,840942
2023/02/16,SPY,SPY,S,CBOE,1120539
2023/02/17,SPY,SPY,S,CBOE,1157866
2023/02/21,SPY,SPY,S,CBOE,1060926
2023/02/22,SPY,SPY,S,CBOE,1054667
2023/02/23,SPY,SPY,S,CBOE,1199469
2023/02/24,SPY,SPY,S,CBOE,1253520
2023/02/27,SPY,SPY,S,CBOE,1101006
2023/02/28,SPY,SPY,S,CBOE,950169
2023/03/01,SPY,SPY,S,CBOE,1001724
2023/03/02,SPY,SPY,S,CBOE,1079257
2023/03/03,SPY,SPY,S,CBOE,1074368
2023/03/06,SPY,SPY,S,CBOE,1033239
2023/03/07,SPY,SPY,S,CBOE,1042679
2023/03/08,SPY,SPY,S,CBOE,933181
2023/03/09,SPY,SPY,S,CBOE,1269447
2023/03/10,SPY,SPY,S,CBOE,1426964
2023/03/13,SPY,SPY,S,CBOE,1070798
2023/03/14,SPY,SPY,S,CBOE,1168557
2023/03/15,SPY,SPY,S,CBOE,1019127
2023/03/16,SPY,SPY,S,CBOE,1200366
2023/03/17,SPY,SPY,S,CBOE,949545
2023/03/20,SPY,SPY,S,CBOE,835455
2023/03/21,SPY,SPY,S,CBOE,921039
2023/03/22,SPY,SPY,S,CBOE,984657
2023/03/23,SPY,SPY,S,CBOE,1178680
2023/03/24,SPY,SPY,S,CBOE,1112807
2023/03/27,SPY,SPY,S,CBOE,951236
2023/03/28,SPY,SPY,S,CBOE,953535
2023/03/29,SPY,SPY,S,CBOE,1012605
2023/03/30,SPY,SPY,S,CBOE,1050812
2023/03/31,SPY,SPY,S,CBOE,1315512
2023/04/03,SPY,SPY,S,CBOE,1000949
2023/04/04,SPY,SPY,S,CBOE,1081821
2023/04/05,SPY,SPY,S,CBOE,949508
2023/04/06,SPY,SPY,S,CBOE,811376
2023/04/10,SPY,SPY,S,CBOE,800414
2023/04/11,SPY,SPY,S,CBOE,882803
2023/04/12,SPY,SPY,S,CBOE,1081973
2023/04/13,SPY,SPY,S,CBOE,1035410
2023/04/14,SPY,SPY,S,CBOE,1155753
2023/04/17,SPY,SPY,S,CBOE,867168
2023/04/18,SPY,SPY,S,CBOE,974851
2023/04/19,SPY,SPY,S,CBOE,884527
2023/04/20,SPY,SPY,S,CBOE,1123616
2023/04/21,SPY,SPY,S,CBOE,936183
2023/04/24,SPY,SPY,S,CBOE,929407
2023/04/25,SPY,SPY,S,CBOE,1123862
2023/04/26,SPY,SPY,S,CBOE,1012179
2023/04/27,SPY,SPY,S,CBOE,1095786
2023/04/28,SPY,SPY,S,CBOE,1095646
2023/05/01,SPY,SPY,S,CBOE,939852
2023/05/02,SPY,SPY,S,CBOE,1302486
2023/05/03,SPY,SPY,S,CBOE,926906
2023/05/04,SPY,SPY,S,CBOE,1087216
2023/05/05,SPY,SPY,S,CBOE,1114739
2023/05/08,SPY,SPY,S,CBOE,883921
2023/05/09,SPY,SPY,S,CBOE,791058
2023/05/10,SPY,SPY,S,CBOE,1290411
2023/05/11,SPY,SPY,S,CBOE,1013196
2023/05/12,SPY,SPY,S,CBOE,1160251
2023/05/15,SPY,SPY,S,CBOE,1016156
2023/05/16,SPY,SPY,S,CBOE,892332
2023/05/17,SPY,SPY,S,CBOE,1252980
2023/05/18,SPY,SPY,S,CBOE,1220469
2023/05/19,SPY,SPY,S,CBOE,1187376
2023/05/22,SPY,SPY,S,CBOE,1011666
2023/05/23,SPY,SPY,S,CBOE,1274579
2023/05/24,SPY,SPY,S,CBOE,1142769
2023/05/25,SPY,SPY,S,CBOE,1075512
2023/05/26,SPY,SPY,S,CBOE,1056813
2023/05/30,SPY,SPY,S,CBOE,976987
2023/05/31,SPY,SPY,S,CBOE,923138
2023/06/01,SPY,SPY,S,CBOE,1160212
2023/06/02,SPY,SPY,S,CBOE,1404700
2023/06/05,SPY,SPY,S,CBOE,1225390
2023/06/06,SPY,SPY,S,CBOE,1141520
2023/06/07,SPY,SPY,S,CBOE,1230306
2023/06/08,SPY,SPY,S,CBOE,1105153
2023/06/09,SPY,SPY,S,CBOE,1151417
2023/06/12,SPY,SPY,S,CBOE,1027557
2023/06/13,SPY,SPY,S,CBOE,1228028
2023/06/14,SPY,SPY,S,CBOE,1185985
2023/06/15,SPY,SPY,S,CBOE,1318996
2023/06/16,SPY,SPY,S,CBOE,1246103
2023/06/20,SPY,SPY,S,CBOE,1149808
2023/06/21,SPY,SPY,S,CBOE,1055063
2023/06/22,SPY,SPY,S,CBOE,1021310
2023/06/23,SPY,SPY,S,CBOE,1085798
2023/06/26,SPY,SPY,S,CBOE,1092673
2023/06/27,SPY,SPY,S,CBOE,1249173
2023/06/28,SPY,SPY,S,CBOE,1041808
2023/06/29,SPY,SPY,S,CBOE,958960
2023/06/30,SPY,SPY,S,CBOE,1149196
2023/07/03,SPY,SPY,S,CBOE,465388
2023/07/05,SPY,SPY,S,CBOE,745607
2023/07/06,SPY,SPY,S,CBOE,1084168
2023/07/07,SPY,SPY,S,CBOE,1089688
2023/07/10,SPY,SPY,S,CBOE,999359
2023/07/11,SPY,SPY,S,CBOE,1037538
2023/07/12,SPY,SPY,S,CBOE,1138703
2023/07/13,SPY,SPY,S,CBOE,1022974
2023/07/14,SPY,SPY,S,CBOE,1106970
2023/07/17,SPY,SPY,S,CBOE,848231
2023/07/18,SPY,SPY,S,CBOE,1111543
2023/07/19,SPY,SPY,S,CBOE,1029941
2023/07/20,SPY,SPY,S,CBOE,1246921
2023/07/21,SPY,SPY,S,CBOE,942591
2023/07/24,SPY,SPY,S,CBOE,860130
2023/07/25,SPY,SPY,S,CBOE,752698
2023/07/26,SPY,SPY,S,CBOE,760834
2023/07/27,SPY,SPY,S,CBOE,1386950
2023/07/28,SPY,SPY,S,CBOE,1181693
2023/07/31,SPY,SPY,S,CBOE,749297
2023/08/01,SPY,SPY,S,CBOE,788343
2023/08/02,SPY,SPY,S,CBOE,1213137
2023/08/03,SPY,SPY,S,CBOE,1003785
2023/08/04,SPY,SPY,S,CBOE,1195301
2023/08/07,SPY,SPY,S,CBOE,878604
2023/08/08,SPY,SPY,S,CBOE,1041085
2023/08/09,SPY,SPY,S,CBOE,1095900
2023/08/10,SPY,SPY,S,CBOE,1307200
2023/08/11,SPY,SPY,S,CBOE,1115198
2023/08/14,SPY,SPY,S,CBOE,1012172
2023/08/15,SPY,SPY,S,CBOE,1147195
2023/08/16,SPY,SPY,S,CBOE,1225275
2023/08/17,SPY,SPY,S,CBOE,1339486
2023/08/18,SPY,SPY,S,CBOE,1239310
2023/08/21,SPY,SPY,S,CBOE,1122896
2023/08/22,SPY,SPY,S,CBOE,1057945
2023/08/23,SPY,SPY,S,CBOE,1046199
2023/08/24,SPY,SPY,S,CBOE,1119377
2023/08/25,SPY,SPY,S,CBOE,1138985
2023/08/28,SPY,SPY,S,CBOE,1072072
2023/08/29,SPY,SPY,S,CBOE,1332863
2023/08/30,SPY,SPY,S,CBOE,1082971
2023/08/31,SPY,SPY,S,CBOE,1033853
2023/09/01,SPY,SPY,S,CBOE,959060
2023/09/05,SPY,SPY,S,CBOE,743829
2023/09/06,SPY,SPY,S,CBOE,995912
2023/09/07,SPY,SPY,S,CBOE,881921
2023/09/08,SPY,SPY,S,CBOE,834718
2023/09/11,SPY,SPY,S,CBOE,749923
2023/09/12,SPY,SPY,S,CBOE,780457
2023/09/13,SPY,SPY,S,CBOE,831952
2023/09/14,SPY,SPY,S,CBOE,948467
2023/09/15,SPY,SPY,S,CBOE,941708
2023/09/18,SPY,SPY,S,CBOE,726315
2023/09/19,SPY,SPY,S,CBOE,970466
2023/09/20,SPY,SPY,S,CBOE,899568
2023/09/21,SPY,SPY,S,CBOE,1223473
2023/09/22,SPY,SPY,S,CBOE,1160872
2023/09/25,SPY,SPY,S,CBOE,945635
2023/09/26,SPY,SPY,S,CBOE,1277740
2023/09/27,SPY,SPY,S,CBOE,1725890
2023/09/28,SPY,SPY,S,CBOE,1221067
2023/09/29,SPY,SPY,S,CBOE,1242819
2023/10/02,SPY,SPY,S,CBOE,1177071
2023/10/03,SPY,SPY,S,CBOE,1360212
2023/10/04,SPY,SPY,S,CBOE,1288181
2023/10/05,SPY,SPY,S,CBOE,906693
2023/10/06,SPY,SPY,S,CBOE,1009840
2023/10/09,SPY,SPY,S,CBOE,900518
2023/10/10,SPY,SPY,S,CBOE,1025427
2023/10/11,SPY,SPY,S,CBOE,860758
2023/10/12,SPY,SPY,S,CBOE,1038844
2023/10/13,SPY,SPY,S,CBOE,1030885
2023/10/16,SPY,SPY,S,CBOE,932514
2023/10/17,SPY,SPY,S,CBOE,1065211
2023/10/18,SPY,SPY,S,CBOE,1017287
2023/10/19,SPY,SPY,S,CBOE,1089279
2023/10/20,SPY,SPY,S,CBOE,1054571
2023/10/23,SPY,SPY,S,CBOE,1126278
2023/10/24,SPY,SPY,S,CBOE,829489
2023/10/25,SPY,SPY,S,CBOE,1104625
2023/10/26,SPY,SPY,S,CBOE,1168164
2023/10/27,SPY,SPY,S,CBOE,1149779
2023/10/30,SPY,SPY,S,CBOE,1323691
2023/10/31,SPY,SPY,S,CBOE,986593
2023/11/01,SPY,SPY,S,CBOE,780390
2023/11/02,SPY,SPY,S,CBOE,869964
2023/11/03,SPY,SPY,S,CBOE,918629
2023/11/06,SPY,SPY,S,CBOE,707146
2023/11/07,SPY,SPY,S,CBOE,850698
2023/11/08,SPY,SPY,S,CBOE,755778
2023/11/09,SPY,SPY,S,CBOE,748846
2023/11/10,SPY,SPY,S,CBOE,654995
2023/11/13,SPY,SPY,S,CBOE,911330
2023/11/14,SPY,SPY,S,CBOE,1154746
2023/11/15,SPY,SPY,S,CBOE,918639
2023/11/16,SPY,SPY,S,CBOE,607915
2023/11/17,SPY,SPY,S,CBOE,578090
2023/11/20,SPY,SPY,S,CBOE,822160
2023/11/21,SPY,SPY,S,CBOE,498350
2023/11/22,SPY,SPY,S,CBOE,562960
2023/11/24,SPY,SPY,S,CBOE,290147
2023/11/27,SPY,SPY,S,CBOE,526662
2023/11/28,SPY,SPY,S,CBOE,586462
2023/11/29,SPY,SPY,S,CBOE,682092
2023/11/30,SPY,SPY,S,CBOE,670056
2023/12/01,SPY,SPY,S,CBOE,1031589
2023/12/04,SPY,SPY,S,CBOE,708796
2023/12/05,SPY,SPY,S,CBOE,712758
2023/12/06,SPY,SPY,S,CBOE,656782
2023/12/07,SPY,SPY,S,CBOE,647147
2023/12/08,SPY,SPY,S,CBOE,709351
2023/12/11,SPY,SPY,S,CBOE,664908
2023/12/12,SPY,SPY,S,CBOE,628392
2023/12/13,SPY,SPY,S,CBOE,758767
2023/12/14,SPY,SPY,S,CBOE,969612
2023/12/15,SPY,SPY,S,CBOE,912821
2023/12/18,SPY,SPY,S,CBOE,626534
2023/12/19,SPY,SPY,S,CBOE,787839
2023/12/20,SPY,SPY,S,CBOE,1046030
2023/12/21,SPY,SPY,S,CBOE,934225
2023/12/22,SPY,SPY,S,CBOE,896661
2023/12/26,SPY,SPY,S,CBOE,708747
2023/12/27,SPY,SPY,S,CBOE,792792
2023/12/28,SPY,SPY,S,CBOE,908139
2023/12/29,SPY,SPY,S,CBOE,759198
2024/01/02,SPY,SPY,S,CBOE,742881
2024/01/03,SPY,SPY,S,CBOE,790481
2024/01/04,SPY,SPY,S,CBOE,787437
2024/01/05,SPY,SPY,S,CBOE,1432131
2024/01/08,SPY,SPY,S,CBOE,887514
2024/01/09,SPY,SPY,S,CBOE,862041
2024/01/10,SPY,SPY,S,CBOE,797755
2024/01/11,SPY,SPY,S,CBOE,999807
2024/01/12,SPY,SPY,S,CBOE,990619
2024/01/16,SPY,SPY,S,CBOE,973661
2024/01/17,SPY,SPY,S,CBOE,941916
2024/01/18,SPY,SPY,S,CBOE,993974
2024/01/19,SPY,SPY,S,CBOE,1101988
2024/01/22,SPY,SPY,S,CBOE,857880
2024/01/23,SPY,SPY,S,CBOE,1156076
2024/01/24,SPY,SPY,S,CBOE,980428
2024/01/25,SPY,SPY,S,CBOE,884488
2024/01/26,SPY,SPY,S,CBOE,816591
2024/01/29,SPY,SPY,S,CBOE,964284
2024/01/30,SPY,SPY,S,CBOE,883204
2024/01/31,SPY,SPY,S,CBOE,1134406
2024/02/01,SPY,SPY,S,CBOE,946399
2024/02/02,SPY,SPY,S,CBOE,1682483
2024/02/05,SPY,SPY,S,CBOE,1006261
2024/02/06,SPY,SPY,S,CBOE,788599
2024/02/07,SPY,SPY,S,CBOE,1056069
2024/02/08,SPY,SPY,S,CBOE,674699
2024/02/09,SPY,SPY,S,CBOE,685933
2024/02/12,SPY,SPY,S,CBOE,1494228
2024/02/13,SPY,SPY,S,CBOE,1191288
2024/02/14,SPY,SPY,S,CBOE,973307
2024/02/15,SPY,SPY,S,CBOE,1237274
2024/02/16,SPY,SPY,S,CBOE,979188
2024/02/20,SPY,SPY,S,CBOE,1003306
2024/02/21,SPY,SPY,S,CBOE,716907
2024/02/22,SPY,SPY,S,CBOE,1140543
2024/02/23,SPY,SPY,S,CBOE,844746
2024/02/26,SPY,SPY,S,CBOE,790417
2024/02/27,SPY,SPY,S,CBOE,711099
2024/02/28,SPY,SPY,S,CBOE,726607
2024/02/29,SPY,SPY,S,CBOE,827928
2024/03/01,SPY,SPY,S,CBOE,1357854
2024/03/04,SPY,SPY,S,CBOE,768048
2024/03/05,SPY,SPY,S,CBOE,1024373
2024/03/06,SPY,SPY,S,CBOE,863376
2024/03/07,SPY,SPY,S,CBOE,914963
2024/03/08,SPY,SPY,S,CBOE,1137300
2024/03/11,SPY,SPY,S,CBOE,784379
2024/03/12,SPY,SPY,S,CBOE,943965
2024/03/13,SPY,SPY,S,CBOE,665097
2024/03/14,SPY,SPY,S,CBOE,870177
2024/03/15,SPY,SPY,S,CBOE,945308
2024/03/18,SPY,SPY,S,CBOE,714193
2024/03/19,SPY,SPY,S,CBOE,804990
2024/03/20,SPY,SPY,S,CBOE,850354
2024/03/21,SPY,SPY,S,CBOE,855451
2024/03/22,SPY,SPY,S,CBOE,1694413
2024/03/25,SPY,SPY,S,CBOE,623698
2024/03/26,SPY,SPY,S,CBOE,613274
2024/03/27,SPY,SPY,S,CBOE,790955
2024/03/28,SPY,SPY,S,CBOE,1902752
2024/04/01,SPY,SPY,S,CBOE,738583
2024/04/02,SPY,SPY,S,CBOE,796134
2024/04/03,SPY,SPY,S,CBOE,747752
2024/04/04,SPY,SPY,S,CBOE,1200652
2024/04/05,SPY,SPY,S,CBOE,1051031
2024/04/08,SPY,SPY,S,CBOE,739999
2024/04/09,SPY,SPY,S,CBOE,829085
2024/04/10,SPY,SPY,S,CBOE,963345
2024/04/11,SPY,SPY,S,CBOE,939359
2024/04/12,SPY,SPY,S,CBOE,1252344
2024/04/15,SPY,SPY,S,CBOE,1157141
2024/04/16,SPY,SPY,S,CBOE,866652
2024/04/17,SPY,SPY,S,CBOE,1195876
2024/04/18,SPY,SPY,S,CBOE,977885
2024/04/19,SPY,SPY,S,CBOE,1218897
2024/04/22,SPY,SPY,S,CBOE,1070836
2024/04/23,SPY,SPY,S,CBOE,990646
2024/04/24,SPY,SPY,S,CBOE,942873
2024/04/25,SPY,SPY,S,CBOE,956888
2024/04/26,SPY,SPY,S,CBOE,855678
2024/04/29,SPY,SPY,S,CBOE,777067
2024/04/30,SPY,SPY,S,CBOE,907793
2024/05/01,SPY,SPY,S,CBOE,951256
2024/05/02,SPY,SPY,S,CBOE,1061230
2024/05/03,SPY,SPY,S,CBOE,1045547
2024/05/06,SPY,SPY,S,CBOE,1947716
2024/05/07,SPY,SPY,S,CBOE,778697
2024/05/08,SPY,SPY,S,CBOE,625927
2024/05/09,SPY,SPY,S,CBOE,834447
2024/05/10,SPY,SPY,S,CBOE,889169
2024/05/13,SPY,SPY,S,CBOE,581653
2024/05/14,SPY,SPY,S,CBOE,736988
2024/05/15,SPY,SPY,S,CBOE,1295065
2024/05/16,SPY,SPY,S,CBOE,645909
2024/05/17,SPY,SPY,S,CBOE,634751
2024/05/20,SPY,SPY,S,CBOE,1462233
2024/05/21,SPY,SPY,S,CBOE,560400
2024/05/22,SPY,SPY,S,CBOE,513494
2024/05/23,SPY,SPY,S,CBOE,876392
2024/05/24,SPY,SPY,S,CBOE,765140
2024/05/28,SPY,SPY,S,CBOE,653778
2024/05/29,SPY,SPY,S,CBOE,614960
2024/05/30,SPY,SPY,S,CBOE,661535
2024/05/31,SPY,SPY,S,CBOE,889362
2024/06/03,SPY,SPY,S,CBOE,946799
2024/06/04,SPY,SPY,S,CBOE,806835
2024/06/05,SPY,SPY,S,CBOE,829278
2024/06/06,SPY,SPY,S,CBOE,1442587
2024/06/07,SPY,SPY,S,CBOE,777956
2024/06/10,SPY,SPY,S,CBOE,664900
2024/06/11,SPY,SPY,S,CBOE,667998
2024/06/12,SPY,SPY,S,CBOE,884820
2024/06/13,SPY,SPY,S,CBOE,713463
2024/06/14,SPY,SPY,S,CBOE,948365
2024/06/17,SPY,SPY,S,CBOE,900555
2024/06/18,SPY,SPY,S,CBOE,701591
2024/06/20,SPY,SPY,S,CBOE,759215
2024/06/21,SPY,SPY,S,CBOE,606199
2024/06/24,SPY,SPY,S,CBOE,589073
2024/06/25,SPY,SPY,S,CBOE,601970
2024/06/26,SPY,SPY,S,CBOE,615521
2024/06/27,SPY,SPY,S,CBOE,580730
2024/06/28,SPY,SPY,S,CBOE,978000
2024/07/01,SPY,SPY,S,CBOE,785007
2024/07/02,SPY,SPY,S,CBOE,753009
2024/07/03,SPY,SPY,S,CBOE,536757
2024/07/05,SPY,SPY,S,CBOE,594153
2024/07/08,SPY,SPY,S,CBOE,594519
2024/07/09,SPY,SPY,S,CBOE,563939
2024/07/10,SPY,SPY,S,CBOE,846730
2024/07/11,SPY,SPY,S,CBOE,849523
2024/07/12,SPY,SPY,S,CBOE,906980
2024/07/15,SPY,SPY,S,CBOE,1158234
2024/07/16,SPY,SPY,S,CBOE,732401
2024/07/17,SPY,SPY,S,CBOE,782568
2024/07/18,SPY,SPY,S,CBOE,977375
2024/07/19,SPY,SPY,S,CBOE,989413
2024/07/22,SPY,SPY,S,CBOE,737416
2024/07/23,SPY,SPY,S,CBOE,699211
2024/07/24,SPY,SPY,S,CBOE,966884
2024/07/25,SPY,SPY,S,CBOE,1027891
2024/07/26,SPY,SPY,S,CBOE,802126
2024/07/29,SPY,SPY,S,CBOE,774390
2024/07/30,SPY,SPY,S,CBOE,730510
2024/07/31,SPY,SPY,S,CBOE,922659
2024/08/01,SPY,SPY,S,CBOE,1059919
2024/08/02,SPY,SPY,S,CBOE,870232
2024/08/05,SPY,SPY,S,CBOE,841987
2024/08/06,SPY,SPY,S,CBOE,882693
2024/08/07,SPY,SPY,S,CBOE,1007277
2024/08/08,SPY,SPY,S,CBOE,955758
2024/08/09,SPY,SPY,S,CBOE,1086873
2024/08/12,SPY,SPY,S,CBOE,831885
2024/08/13,SPY,SPY,S,CBOE,1206008
2024/08/14,SPY,SPY,S,CBOE,776227
2024/08/15,SPY,SPY,S,CBOE,1519192
2024/08/16,SPY,SPY,S,CBOE,1323082
2024/08/19,SPY,SPY,S,CBOE,856919
2024/08/20,SPY,SPY,S,CBOE,794341
2024/08/21,SPY,SPY,S,CBOE,702020
2024/08/22,SPY,SPY,S,CBOE,1084532
2024/08/23,SPY,SPY,S,CBOE,1461672
2024/08/26,SPY,SPY,S,CBOE,1058408
2024/08/27,SPY,SPY,S,CBOE,628282
2024/08/28,SPY,SPY,S,CBOE,631715
2024/08/29,SPY,SPY,S,CBOE,1048625
2024/08/30,SPY,SPY,S,CBOE,906254
2024/09/03,SPY,SPY,S,CBOE,862556
2024/09/04,SPY,SPY,S,CBOE,729453
2024/09/05,SPY,SPY,S,CBOE,746639
2024/09/06,SPY,SPY,S,CBOE,850958
2024/09/09,SPY,SPY,S,CBOE,593524
2024/09/10,SPY,SPY,S,CBOE,725511
2024/09/11,SPY,SPY,S,CBOE,1016100
2024/09/12,SPY,SPY,S,CBOE,1406032
2024/09/13,SPY,SPY,S,CBOE,940365
2024/09/16,SPY,SPY,S,CBOE,1013849
2024/09/17,SPY,SPY,S,CBOE,868932
2024/09/18,SPY,SPY,S,CBOE,784075
2024/09/19,SPY,SPY,S,CBOE,1237543
2024/09/20,SPY,SPY,S,CBOE,824650
2024/09/23,SPY,SPY,S,CBOE,616599
2024/09/24,SPY,SPY,S,CBOE,649484
2024/09/25,SPY,SPY,S,CBOE,640110
2024/09/26,SPY,SPY,S,CBOE,644431
2024/09/27,SPY,SPY,S,CBOE,575379
2024/09/30,SPY,SPY,S,CBOE,642033
2024/10/01,SPY,SPY,S,CBOE,949811
2024/10/02,SPY,SPY,S,CBOE,810629
2024/10/03,SPY,SPY,S,CBOE,928086
2024/10/04,SPY,SPY,S,CBOE,1748025
2024/10/07,SPY,SPY,S,CBOE,903213
2024/10/08,SPY,SPY,S,CBOE,913658
2024/10/09,SPY,SPY,S,CBOE,894822
2024/10/10,SPY,SPY,S,CBOE,879787
2024/10/11,SPY,SPY,S,CBOE,1175328
2024/10/14,SPY,SPY,S,CBOE,794661
2024/10/15,SPY,SPY,S,CBOE,973912
2024/10/16,SPY,SPY,S,CBOE,732482
2024/10/17,SPY,SPY,S,CBOE,883215
2024/10/18,SPY,SPY,S,CBOE,704561
2024/10/21,SPY,SPY,S,CBOE,861378
2024/10/22,SPY,SPY,S,CBOE,833068
2024/10/23,SPY,SPY,S,CBOE,1049404
2024/10/24,SPY,SPY,S,CBOE,840023
2024/10/25,SPY,SPY,S,CBOE,955741
2024/10/28,SPY,SPY,S,CBOE,683846
2024/10/29,SPY,SPY,S,CBOE,666719
2024/10/30,SPY,SPY,S,CBOE,928882
2024/10/31,SPY,SPY,S,CBOE,1014737
2024/11/01,SPY,SPY,S,CBOE,891239
2024/11/04,SPY,SPY,S,CBOE,754491
2024/11/05,SPY,SPY,S,CBOE,1091694
2024/11/06,SPY,SPY,S,CBOE,941110
2024/11/07,SPY,SPY,S,CBOE,785131
2024/11/08,SPY,SPY,S,CBOE,818642
2024/11/11,SPY,SPY,S,CBOE,598988
2024/11/12,SPY,SPY,S,CBOE,883984
2024/11/13,SPY,SPY,S,CBOE,790885
2024/11/14,SPY,SPY,S,CBOE,1029674
2024/11/15,SPY,SPY,S,CBOE,1224831
2024/11/18,SPY,SPY,S,CBOE,802798
2024/11/19,SPY,SPY,S,CBOE,858551
2024/11/20,SPY,SPY,S,CBOE,716155
2024/11/21,SPY,SPY,S,CBOE,977903
2024/11/22,SPY,SPY,S,CBOE,755333
2024/11/25,SPY,SPY,S,CBOE,1256593
2024/11/26,SPY,SPY,S,CBOE,1136042
2024/11/27,SPY,SPY,S,CBOE,836145
2024/11/29,SPY,SPY,S,CBOE,647346
2024/12/02,SPY,SPY,S,CBOE,846910
2024/12/03,SPY,SPY,S,CBOE,684320
2024/12/04,SPY,SPY,S,CBOE,722821
2024/12/05,SPY,SPY,S,CBOE,743573
2024/12/06,SPY,SPY,S,CBOE,675951
2024/12/09,SPY,SPY,S,CBOE,756904
2024/12/10,SPY,SPY,S,CBOE,660925
2024/12/11,SPY,SPY,S,CBOE,691465
2024/12/12,SPY,SPY,S,CBOE,731071
2024/12/13,SPY,SPY,S,CBOE,823657
2024/12/16,SPY,SPY,S,CBOE,631962
2024/12/17,SPY,SPY,S,CBOE,752694
2024/12/18,SPY,SPY,S,CBOE,978104
2024/12/19,SPY,SPY,S,CBOE,1009092
2024/12/20,SPY,SPY,S,CBOE,1139790
2024/12/23,SPY,SPY,S,CBOE,1475666
2024/12/24,SPY,SPY,S,CBOE,1339399
2024/12/26,SPY,SPY,S,CBOE,709121
2024/12/27,SPY,SPY,S,CBOE,1193825
2024/12/30,SPY,SPY,S,CBOE,990925
2024/12/31,SPY,SPY,S,CBOE,1004716
2025/01/02,SPY,SPY,S,CBOE,1067819
2025/01/03,SPY,SPY,S,CBOE,1090438
2025/01/06,SPY,SPY,S,CBOE,1229719
2025/01/07,SPY,SPY,S,CBOE,1109559
2025/01/08,SPY,SPY,S,CBOE,1050120
2025/01/10,SPY,SPY,S,CBOE,1154310
2025/01/13,SPY,SPY,S,CBOE,888664
2025/01/14,SPY,SPY,S,CBOE,1007822
2025/01/15,SPY,SPY,S,CBOE,989294
2025/01/16,SPY,SPY,S,CBOE,906184
2025/01/17,SPY,SPY,S,CBOE,985695
